x0,x1,x2,x3,y
3.24434154016,3.25891713627,3.27348941165,3.28806053459,0
3.22976058021,3.24434154016,3.25891713627,3.27348941165,0
3.21517263447,3.22976058021,3.24434154016,3.25891713627,0
3.20057660984,3.21517263447,3.22976058021,3.24434154016,0
3.18597179387,3.20057660984,3.21517263447,3.22976058021,0
3.17135787558,3.18597179387,3.20057660984,3.21517263447,0
3.15673499058,3.17135787558,3.18597179387,3.20057660984,0
3.14210406082,3.15673499058,3.17135787558,3.18597179387,0
3.12746658863,3.14210406082,3.15673499058,3.17135787558,0
3.11282411292,3.12746658863,3.14210406082,3.15673499058,0
3.09817811925,3.11282411292,3.12746658863,3.14210406082,0
3.0835292981,3.09817811925,3.11282411292,3.12746658863,0
3.06887796686,3.0835292981,3.09817811925,3.11282411292,0
3.05422316884,3.06887796686,3.0835292981,3.09817811925,0
3.03956282487,3.05422316884,3.06887796686,3.0835292981,0
3.02489338767,3.03956282487,3.05422316884,3.06887796686,0
3.01021055374,3.02489338767,3.03956282487,3.05422316884,0
2.99551033757,3.01021055374,3.02489338767,3.03956282487,0
2.98078915596,2.99551033757,3.01021055374,3.02489338767,0
2.96604464652,2.98078915596,2.99551033757,3.01021055374,0
2.95127569912,2.96604464652,2.98078915596,2.99551033757,0
2.93648194191,2.95127569912,2.96604464652,2.98078915596,0
2.92166334822,2.93648194191,2.95127569912,2.96604464652,0
2.90682036031,2.92166334822,2.93648194191,2.95127569912,0
2.89195380096,2.90682036031,2.92166334822,2.93648194191,0
2.87706464991,2.89195380096,2.90682036031,2.92166334822,0
2.86215382054,2.87706464991,2.89195380096,2.90682036031,0
2.84722126065,2.86215382054,2.87706464991,2.89195380096,0
2.83226592744,2.84722126065,2.86215382054,2.87706464991,0
2.81728610074,2.83226592744,2.84722126065,2.86215382054,0
2.80227905895,2.81728610074,2.83226592744,2.84722126065,0
2.7872409725,2.80227905895,2.81728610074,2.83226592744,0
2.77216722243,2.7872409725,2.80227905895,2.81728610074,0
2.75705266617,2.77216722243,2.7872409725,2.80227905895,0
2.74189196148,2.75705266617,2.77216722243,2.7872409725,0
2.72667934021,2.74189196148,2.75705266617,2.77216722243,0
2.71140883154,2.72667934021,2.74189196148,2.75705266617,0
2.69607340865,2.71140883154,2.72667934021,2.74189196148,0
2.68066596138,2.69607340865,2.71140883154,2.72667934021,0
2.66517896056,2.68066596138,2.69607340865,2.71140883154,0
2.64960364488,2.66517896056,2.68066596138,2.69607340865,0
2.63393090825,2.64960364488,2.66517896056,2.68066596138,0
2.618150401,2.63393090825,2.64960364488,2.66517896056,0
2.60225050111,2.618150401,2.63393090825,2.64960364488,0
2.58621829113,2.60225050111,2.618150401,2.63393090825,0
2.5700399271,2.58621829113,2.60225050111,2.618150401,0
2.55370077195,2.5700399271,2.58621829113,2.60225050111,0
2.53718584389,2.55370077195,2.5700399271,2.58621829113,0
2.52048062335,2.53718584389,2.55370077195,2.5700399271,0
2.5035696931,2.52048062335,2.53718584389,2.55370077195,0
2.48643815163,2.5035696931,2.52048062335,2.53718584389,0
2.46907121733,2.48643815163,2.5035696931,2.52048062335,0
2.45145380043,2.46907121733,2.48643815163,2.5035696931,0
2.4335703328,2.45145380043,2.46907121733,2.48643815163,0
2.41540494736,2.4335703328,2.45145380043,2.46907121733,0
2.39694109449,2.41540494736,2.4335703328,2.45145380043,0
2.3781622424,2.39694109449,2.41540494736,2.4335703328,0
2.35905174915,2.3781622424,2.39694109449,2.41540494736,0
2.33959332145,2.35905174915,2.3781622424,2.39694109449,0
2.31977210866,2.33959332145,2.35905174915,2.3781622424,0
2.29957463074,2.31977210866,2.33959332145,2.35905174915,0
2.27898827928,2.29957463074,2.31977210866,2.33959332145,0
2.25800115463,2.27898827928,2.29957463074,2.31977210866,0
2.23660179495,2.25800115463,2.27898827928,2.29957463074,0
2.21477935743,2.23660179495,2.25800115463,2.27898827928,0
2.19252438226,2.21477935743,2.23660179495,2.25800115463,0
2.16982883063,2.19252438226,2.21477935743,2.23660179495,0
2.14668674416,2.16982883063,2.19252438226,2.21477935743,0
2.12309491746,2.14668674416,2.16982883063,2.19252438226,0
2.09905142991,2.12309491746,2.14668674416,2.16982883063,0
2.0745556201,2.09905142991,2.12309491746,2.14668674416,0
2.04960840652,2.0745556201,2.09905142991,2.12309491746,0
2.02421186327,2.04960840652,2.0745556201,2.09905142991,0
1.99836970235,2.02421186327,2.04960840652,2.0745556201,0
1.97208674999,1.99836970235,2.02421186327,2.04960840652,0
1.94536840247,1.97208674999,1.99836970235,2.02421186327,0
1.91822008513,1.94536840247,1.97208674999,1.99836970235,0
1.89064748272,1.91822008513,1.94536840247,1.97208674999,0
1.86265671025,1.89064748272,1.91822008513,1.94536840247,0
1.83425264237,1.86265671025,1.89064748272,1.91822008513,0
1.80543910034,1.83425264237,1.86265671025,1.89064748272,0
1.77621951551,1.80543910034,1.83425264237,1.86265671025,0
1.7465971758,1.77621951551,1.80543910034,1.83425264237,0
1.71657543182,1.7465971758,1.77621951551,1.80543910034,0
1.68615797371,1.71657543182,1.7465971758,1.77621951551,0
1.65534795699,1.68615797371,1.71657543182,1.7465971758,0
1.62414899536,1.65534795699,1.68615797371,1.71657543182,0
1.5925648769,1.62414899536,1.65534795699,1.68615797371,0
1.56059980001,1.5925648769,1.62414899536,1.65534795699,0
1.52825881991,1.56059980001,1.5925648769,1.62414899536,0
1.49554847195,1.52825881991,1.56059980001,1.5925648769,0
1.46247649964,1.49554847195,1.52825881991,1.56059980001,0
1.42905182691,1.46247649964,1.49554847195,1.52825881991,0
1.3952839634,1.42905182691,1.46247649964,1.49554847195,0
1.36118249451,1.3952839634,1.42905182691,1.46247649964,0
1.32675806151,1.36118249451,1.3952839634,1.42905182691,0
1.29202225281,1.32675806151,1.36118249451,1.3952839634,0
1.25698822694,1.29202225281,1.32675806151,1.36118249451,0
1.22167037695,1.25698822694,1.29202225281,1.32675806151,0
1.18608486148,1.22167037695,1.25698822694,1.29202225281,0
1.15024951029,1.18608486148,1.22167037695,1.25698822694,0
1.11418266452,1.15024951029,1.18608486148,1.22167037695,0
1.07790423078,1.11418266452,1.15024951029,1.18608486148,0
1.04143587245,1.07790423078,1.11418266452,1.15024951029,0
1.00480079221,1.04143587245,1.07790423078,1.11418266452,0
0.968023998973,1.00480079221,1.04143587245,1.07790423078,0
0.931133073467,0.968023998973,1.00480079221,1.04143587245,0
0.894158901107,0.931133073467,0.968023998973,1.00480079221,0
0.857135604131,0.894158901107,0.931133073467,0.968023998973,0
0.820100010758,0.857135604131,0.894158901107,0.931133073467,0
0.783091747703,0.820100010758,0.857135604131,0.894158901107,0
0.746149884753,0.783091747703,0.820100010758,0.857135604131,0
0.709314596639,0.746149884753,0.783091747703,0.820100010758,0
0.672626424294,0.709314596639,0.746149884753,0.783091747703,0
0.63612680054,0.672626424294,0.709314596639,0.746149884753,0
0.599858057909,0.63612680054,0.672626424294,0.709314596639,0
0.563863241849,0.599858057909,0.63612680054,0.672626424294,0
0.528185043242,0.563863241849,0.599858057909,0.63612680054,0
0.49286644798,0.528185043242,0.563863241849,0.599858057909,0
0.457949621472,0.49286644798,0.528185043242,0.563863241849,0
0.423475703066,0.457949621472,0.49286644798,0.528185043242,0
0.389484042038,0.423475703066,0.457949621472,0.49286644798,0
0.356011546046,0.389484042038,0.423475703066,0.457949621472,0
0.323092953078,0.356011546046,0.389484042038,0.423475703066,0
0.290761350494,0.323092953078,0.356011546046,0.389484042038,0
0.259047289349,0.290761350494,0.323092953078,0.356011546046,0
0.227980197696,0.259047289349,0.290761350494,0.323092953078,0
0.197588016813,0.227980197696,0.259047289349,0.290761350494,0
0.167898339148,0.197588016813,0.227980197696,0.259047289349,0
0.138938024689,0.167898339148,0.197588016813,0.227980197696,0
0.110732894017,0.138938024689,0.167898339148,0.197588016813,0
0.0833074108996,0.110732894017,0.138938024689,0.167898339148,0
0.0566851462082,0.0833074108996,0.110732894017,0.138938024689,0
0.0308885790572,0.0566851462082,0.0833074108996,0.110732894017,0
0.00593902213151,0.0308885790572,0.0566851462082,0.0833074108996,0
-0.0181444589943,0.00593902213151,0.0308885790572,0.0566851462082,0
-0.0413458722964,-0.0181444589943,0.00593902213151,0.0308885790572,0
-0.0636517657725,-0.0413458722964,-0.0181444589943,0.00593902213151,0
-0.0850509808113,-0.0636517657725,-0.0413458722964,-0.0181444589943,0
-0.105534687732,-0.0850509808113,-0.0636517657725,-0.0413458722964,0
-0.125097326545,-0.105534687732,-0.0850509808113,-0.0636517657725,0
-0.143736535824,-0.125097326545,-0.105534687732,-0.0850509808113,0
-0.161451751007,-0.143736535824,-0.125097326545,-0.105534687732,0
-0.178245137477,-0.161451751007,-0.143736535824,-0.125097326545,0
-0.194120275557,-0.178245137477,-0.161451751007,-0.143736535824,0
-0.209083141636,-0.194120275557,-0.178245137477,-0.161451751007,0
-0.223141314426,-0.209083141636,-0.194120275557,-0.178245137477,0
-0.23630456939,-0.223141314426,-0.209083141636,-0.194120275557,0
-0.248585117972,-0.23630456939,-0.223141314426,-0.209083141636,0
-0.259997718509,-0.248585117972,-0.23630456939,-0.223141314426,0
-0.270559059925,-0.259997718509,-0.248585117972,-0.23630456939,0
-0.280288533263,-0.270559059925,-0.259997718509,-0.248585117972,0
-0.289208111557,-0.280288533263,-0.270559059925,-0.259997718509,0
-0.297340483143,-0.289208111557,-0.280288533263,-0.270559059925,0
-0.304708340556,-0.297340483143,-0.289208111557,-0.280288533263,0
-0.31133263723,-0.304708340556,-0.297340483143,-0.289208111557,0
-0.317234752064,-0.31133263723,-0.304708340556,-0.297340483143,0
-0.322435457989,-0.317234752064,-0.31133263723,-0.304708340556,0
-0.326954292096,-0.322435457989,-0.317234752064,-0.31133263723,0
-0.330808950498,-0.326954292096,-0.322435457989,-0.317234752064,0
-0.334016624944,-0.330808950498,-0.326954292096,-0.322435457989,0
-0.336594542912,-0.334016624944,-0.330808950498,-0.326954292096,0
-0.338558798356,-0.336594542912,-0.334016624944,-0.330808950498,0
-0.33992357363,-0.338558798356,-0.336594542912,-0.334016624944,0
-0.340700762148,-0.33992357363,-0.338558798356,-0.336594542912,0
-0.340900629102,-0.340700762148,-0.33992357363,-0.338558798356,1
-0.340532278729,-0.340900629102,-0.340700762148,-0.33992357363,1
-0.339604048757,-0.340532278729,-0.340900629102,-0.340700762148,1
-0.338123943043,-0.339604048757,-0.340532278729,-0.340900629102,1
-0.336099720828,-0.338123943043,-0.339604048757,-0.340532278729,1
-0.333538082377,-0.336099720828,-0.338123943043,-0.339604048757,1
-0.330446046417,-0.333538082377,-0.336099720828,-0.338123943043,1
-0.326830202067,-0.330446046417,-0.333538082377,-0.336099720828,1
-0.322696814792,-0.326830202067,-0.330446046417,-0.333538082377,1
-0.318051405192,-0.322696814792,-0.326830202067,-0.330446046417,1
-0.31289829315,-0.318051405192,-0.322696814792,-0.326830202067,1
-0.30724100552,-0.31289829315,-0.318051405192,-0.322696814792,1
-0.301082871244,-0.30724100552,-0.31289829315,-0.318051405192,1
-0.294426876666,-0.301082871244,-0.30724100552,-0.31289829315,1
-0.287276538836,-0.294426876666,-0.301082871244,-0.30724100552,1
-0.279636014814,-0.287276538836,-0.294426876666,-0.301082871244,1
-0.271510697714,-0.279636014814,-0.287276538836,-0.294426876666,1
-0.262908342899,-0.271510697714,-0.279636014814,-0.287276538836,1
-0.253839594278,-0.262908342899,-0.271510697714,-0.279636014814,1
-0.244318253505,-0.253839594278,-0.262908342899,-0.271510697714,1
-0.234360770455,-0.244318253505,-0.253839594278,-0.262908342899,1
-0.223986654737,-0.234360770455,-0.244318253505,-0.253839594278,1
-0.213217702586,-0.223986654737,-0.234360770455,-0.244318253505,1
-0.202077241471,-0.213217702586,-0.223986654737,-0.234360770455,1
-0.190590184213,-0.202077241471,-0.213217702586,-0.223986654737,1
-0.178782293988,-0.190590184213,-0.202077241471,-0.213217702586,1
-0.166679200886,-0.178782293988,-0.190590184213,-0.202077241471,1
-0.154307729289,-0.166679200886,-0.178782293988,-0.190590184213,1
-0.14169608301,-0.154307729289,-0.166679200886,-0.178782293988,1
-0.128874462307,-0.14169608301,-0.154307729289,-0.166679200886,1
-0.115873958727,-0.128874462307,-0.14169608301,-0.154307729289,1
-0.102727112813,-0.115873958727,-0.128874462307,-0.14169608301,1
-0.089466565668,-0.102727112813,-0.115873958727,-0.128874462307,1
-0.0761242718284,-0.089466565668,-0.102727112813,-0.115873958727,1
-0.0627333207677,-0.0761242718284,-0.089466565668,-0.102727112813,1
-0.0493278611653,-0.0627333207677,-0.0761242718284,-0.089466565668,1
-0.0359427937537,-0.0493278611653,-0.0627333207677,-0.0761242718284,1
-0.0226137443682,-0.0359427937537,-0.0493278611653,-0.0627333207677,1
-0.00937650080245,-0.0226137443682,-0.0359427937537,-0.0493278611653,1
0.00373438138336,-0.00937650080245,-0.0226137443682,-0.0359427937537,1
0.0166856312569,0.00373438138336,-0.00937650080245,-0.0226137443682,1
0.0294446929204,0.0166856312569,0.00373438138336,-0.00937650080245,1
0.0419799346451,0.0294446929204,0.0166856312569,0.00373438138336,1
0.0542600095551,0.0419799346451,0.0294446929204,0.0166856312569,1
0.0662541935295,0.0542600095551,0.0419799346451,0.0294446929204,1
0.077933053456,0.0662541935295,0.0542600095551,0.0419799346451,1
0.0892680697633,0.077933053456,0.0662541935295,0.0542600095551,1
0.100231469039,0.0892680697633,0.077933053456,0.0662541935295,1
0.110796170372,0.100231469039,0.0892680697633,0.077933053456,1
0.120936434794,0.110796170372,0.100231469039,0.0892680697633,1
0.130628290817,0.120936434794,0.110796170372,0.100231469039,1
0.139849224397,0.130628290817,0.120936434794,0.110796170372,1
0.148577997908,0.139849224397,0.130628290817,0.120936434794,1
0.156795288879,0.148577997908,0.139849224397,0.130628290817,1
0.164483878585,0.156795288879,0.148577997908,0.139849224397,1
0.171627627645,0.164483878585,0.156795288879,0.148577997908,1
0.178211634004,0.171627627645,0.164483878585,0.156795288879,1
0.184222110204,0.178211634004,0.171627627645,0.164483878585,1
0.189647056957,0.184222110204,0.178211634004,0.171627627645,1
0.194476096039,0.189647056957,0.184222110204,0.178211634004,1
0.19870012902,0.194476096039,0.189647056957,0.184222110204,1
0.202311208253,0.19870012902,0.194476096039,0.189647056957,1
0.205302378719,0.202311208253,0.19870012902,0.194476096039,1
0.207666602238,0.205302378719,0.202311208253,0.19870012902,1
0.209397565005,0.207666602238,0.205302378719,0.202311208253,1
0.210490499621,0.209397565005,0.207666602238,0.205302378719,1
0.210941688819,0.210490499621,0.209397565005,0.207666602238,0
0.210747640906,0.210941688819,0.210490499621,0.209397565005,0
0.209904835162,0.210747640906,0.210941688819,0.210490499621,0
0.208409805435,0.209904835162,0.210747640906,0.210941688819,0
0.206260411884,0.208409805435,0.209904835162,0.210747640906,0
0.203455804223,0.206260411884,0.208409805435,0.209904835162,0
0.199996950195,0.203455804223,0.206260411884,0.208409805435,0
0.195885874893,0.199996950195,0.203455804223,0.206260411884,0
0.191124895462,0.195885874893,0.199996950195,0.203455804223,0
0.185717198515,0.191124895462,0.195885874893,0.199996950195,0
0.179666398787,0.185717198515,0.191124895462,0.195885874893,0
0.17297754669,0.179666398787,0.185717198515,0.191124895462,0
0.16565779796,0.17297754669,0.179666398787,0.185717198515,0
0.15771614655,0.16565779796,0.17297754669,0.179666398787,0
0.149163089944,0.15771614655,0.16565779796,0.17297754669,0
0.140010477951,0.149163089944,0.15771614655,0.16565779796,0
0.130271796018,0.140010477951,0.149163089944,0.15771614655,0
0.1199622117,0.130271796018,0.140010477951,0.149163089944,0
0.109098905754,0.1199622117,0.130271796018,0.140010477951,0
0.0977007460362,0.109098905754,0.1199622117,0.130271796018,0
0.0857884051303,0.0977007460362,0.109098905754,0.1199622117,0
0.0733850905728,0.0857884051303,0.0977007460362,0.109098905754,0
0.0605162794121,0.0733850905728,0.0857884051303,0.0977007460362,0
0.0472095386507,0.0605162794121,0.0733850905728,0.0857884051303,0
0.0334945907375,0.0472095386507,0.0605162794121,0.0733850905728,0
0.0194027884525,0.0334945907375,0.0472095386507,0.0605162794121,0
0.00496777125622,0.0194027884525,0.0334945907375,0.0472095386507,0
-0.00977563809675,0.00496777125622,0.0194027884525,0.0334945907375,0
-0.0247913366636,-0.00977563809675,0.00496777125622,0.0194027884525,0
-0.0400439523834,-0.0247913366636,-0.00977563809675,0.00496777125622,0
-0.0554988247983,-0.0400439523834,-0.0247913366636,-0.00977563809675,0
-0.0711222157464,-0.0554988247983,-0.0400439523834,-0.0247913366636,0
-0.0868806444166,-0.0711222157464,-0.0554988247983,-0.0400439523834,0
-0.102740786114,-0.0868806444166,-0.0711222157464,-0.0554988247983,0
-0.11866961144,-0.102740786114,-0.0868806444166,-0.0711222157464,0
-0.13463385827,-0.11866961144,-0.102740786114,-0.0868806444166,0
-0.150600695994,-0.13463385827,-0.11866961144,-0.102740786114,0
-0.166537843796,-0.150600695994,-0.13463385827,-0.11866961144,0
-0.18241345711,-0.166537843796,-0.150600695994,-0.13463385827,0
-0.198196362009,-0.18241345711,-0.166537843796,-0.150600695994,0
-0.213855831292,-0.198196362009,-0.18241345711,-0.166537843796,0
-0.229362027718,-0.213855831292,-0.198196362009,-0.18241345711,0
-0.24468624053,-0.229362027718,-0.213855831292,-0.198196362009,0
-0.259800915516,-0.24468624053,-0.229362027718,-0.213855831292,0
-0.274679898953,-0.259800915516,-0.24468624053,-0.229362027718,0
-0.289298036059,-0.274679898953,-0.259800915516,-0.24468624053,0
-0.303630665029,-0.289298036059,-0.274679898953,-0.259800915516,0
-0.317653634621,-0.303630665029,-0.289298036059,-0.274679898953,0
-0.331343869651,-0.317653634621,-0.303630665029,-0.289298036059,0
-0.34468020448,-0.331343869651,-0.317653634621,-0.303630665029,0
-0.357643002112,-0.34468020448,-0.331343869651,-0.317653634621,0
-0.370214336214,-0.357643002112,-0.34468020448,-0.331343869651,0
-0.382378127723,-0.370214336214,-0.357643002112,-0.34468020448,0
-0.394120429348,-0.382378127723,-0.370214336214,-0.357643002112,0
-0.405428805334,-0.394120429348,-0.382378127723,-0.370214336214,0
-0.416293148743,-0.405428805334,-0.394120429348,-0.382378127723,0
-0.426705487954,-0.416293148743,-0.405428805334,-0.394120429348,0
-0.436660419554,-0.426705487954,-0.416293148743,-0.405428805334,0
-0.446154897608,-0.436660419554,-0.426705487954,-0.416293148743,0
-0.455188461086,-0.446154897608,-0.436660419554,-0.426705487954,0
-0.463762798413,-0.455188461086,-0.446154897608,-0.436660419554,0
-0.471882556672,-0.463762798413,-0.455188461086,-0.446154897608,0
-0.479555111258,-0.471882556672,-0.463762798413,-0.455188461086,0
-0.486790836432,-0.479555111258,-0.471882556672,-0.463762798413,0
-0.493604113367,-0.486790836432,-0.479555111258,-0.471882556672,0
-0.500012757594,-0.493604113367,-0.486790836432,-0.479555111258,0
-0.506038309303,-0.500012757594,-0.493604113367,-0.486790836432,0
-0.511704071546,-0.506038309303,-0.500012757594,-0.493604113367,0
-0.517033779184,-0.511704071546,-0.506038309303,-0.500012757594,0
-0.522049633167,-0.517033779184,-0.511704071546,-0.506038309303,0
-0.526774089661,-0.522049633167,-0.517033779184,-0.511704071546,0
-0.531229415694,-0.526774089661,-0.522049633167,-0.517033779184,0
-0.535437411245,-0.531229415694,-0.526774089661,-0.522049633167,0
-0.53941971291,-0.535437411245,-0.531229415694,-0.526774089661,0
-0.543197814548,-0.53941971291,-0.535437411245,-0.531229415694,0
-0.54679390098,-0.543197814548,-0.53941971291,-0.535437411245,0
-0.550229964069,-0.54679390098,-0.543197814548,-0.53941971291,0
-0.55352839794,-0.550229964069,-0.54679390098,-0.543197814548,0
-0.556712276701,-0.55352839794,-0.550229964069,-0.54679390098,0
-0.559805044071,-0.556712276701,-0.55352839794,-0.550229964069,0
-0.56282925255,-0.559805044071,-0.556712276701,-0.55352839794,0
-0.565806660284,-0.56282925255,-0.559805044071,-0.556712276701,0
-0.568759279801,-0.565806660284,-0.56282925255,-0.559805044071,0
-0.571708389208,-0.568759279801,-0.565806660284,-0.56282925255,0
-0.574674919886,-0.571708389208,-0.568759279801,-0.565806660284,0
-0.577680085673,-0.574674919886,-0.571708389208,-0.568759279801,0
-0.580745152315,-0.577680085673,-0.574674919886,-0.571708389208,0
-0.58389103278,-0.580745152315,-0.577680085673,-0.574674919886,0
-0.587138876909,-0.58389103278,-0.580745152315,-0.577680085673,0
-0.59050966081,-0.587138876909,-0.58389103278,-0.580745152315,0
-0.594024229403,-0.59050966081,-0.587138876909,-0.58389103278,0
-0.597703439434,-0.594024229403,-0.59050966081,-0.587138876909,0
-0.601567746025,-0.597703439434,-0.594024229403,-0.59050966081,0
-0.605636826582,-0.601567746025,-0.597703439434,-0.594024229403,0
-0.609928454761,-0.605636826582,-0.601567746025,-0.597703439434,0
-0.614458816768,-0.609928454761,-0.605636826582,-0.601567746025,0
-0.619241695922,-0.614458816768,-0.609928454761,-0.605636826582,0
-0.624288341116,-0.619241695922,-0.614458816768,-0.609928454761,0
-0.629608864172,-0.624288341116,-0.619241695922,-0.614458816768,0
-0.635212210558,-0.629608864172,-0.624288341116,-0.619241695922,0
-0.641106243894,-0.635212210558,-0.629608864172,-0.624288341116,0
-0.647297277752,-0.641106243894,-0.635212210558,-0.629608864172,0
-0.653790691767,-0.647297277752,-0.641106243894,-0.635212210558,0
-0.660591048065,-0.653790691767,-0.647297277752,-0.641106243894,0
-0.667702210173,-0.660591048065,-0.653790691767,-0.647297277752,0
-0.675127203629,-0.667702210173,-0.660591048065,-0.653790691767,0
-0.682868537781,-0.675127203629,-0.667702210173,-0.660591048065,0
-0.690928447908,-0.682868537781,-0.675127203629,-0.667702210173,0
-0.699309212158,-0.690928447908,-0.682868537781,-0.675127203629,0
-0.708011766169,-0.699309212158,-0.690928447908,-0.682868537781,0
-0.717035580453,-0.708011766169,-0.699309212158,-0.690928447908,0
-0.726378337301,-0.717035580453,-0.708011766169,-0.699309212158,0
-0.736036078466,-0.726378337301,-0.717035580453,-0.708011766169,0
-0.746002283144,-0.736036078466,-0.726378337301,-0.717035580453,0
-0.756268556459,-0.746002283144,-0.736036078466,-0.726378337301,0
-0.76682509343,-0.756268556459,-0.746002283144,-0.736036078466,0
-0.77766103921,-0.76682509343,-0.756268556459,-0.746002283144,0
-0.788764610458,-0.77766103921,-0.76682509343,-0.756268556459,0
-0.800122847533,-0.788764610458,-0.77766103921,-0.76682509343,0
-0.811722716794,-0.800122847533,-0.788764610458,-0.77766103921,0
-0.823551510703,-0.811722716794,-0.800122847533,-0.788764610458,0
-0.835596275408,-0.823551510703,-0.811722716794,-0.800122847533,0
-0.847844236185,-0.835596275408,-0.823551510703,-0.811722716794,0
-0.860282665873,-0.847844236185,-0.835596275408,-0.823551510703,0
-0.872898891776,-0.860282665873,-0.847844236185,-0.835596275408,0
-0.885680272128,-0.872898891776,-0.860282665873,-0.847844236185,0
-0.898613441977,-0.885680272128,-0.872898891776,-0.860282665873,0
-0.911683673701,-0.898613441977,-0.885680272128,-0.872898891776,0
-0.924874695113,-0.911683673701,-0.898613441977,-0.885680272128,0
-0.938169230897,-0.924874695113,-0.911683673701,-0.898613441977,0
-0.951548929793,-0.938169230897,-0.924874695113,-0.911683673701,0
-0.964994165437,-0.951548929793,-0.938169230897,-0.924874695113,0
-0.978484855491,-0.964994165437,-0.951548929793,-0.938169230897,0
-0.991999807374,-0.978484855491,-0.964994165437,-0.951548929793,0
-1.0055171502,-0.991999807374,-0.978484855491,-0.964994165437,0
-1.01901535088,-1.0055171502,-0.991999807374,-0.978484855491,0
-1.0324731774,-1.01901535088,-1.0055171502,-0.991999807374,0
-1.04586976371,-1.0324731774,-1.01901535088,-1.0055171502,0
-1.05918469905,-1.04586976371,-1.0324731774,-1.01901535088,0
-1.07239847508,-1.05918469905,-1.04586976371,-1.0324731774,0
-1.08549204997,-1.07239847508,-1.05918469905,-1.04586976371,0
-1.09844624418,-1.08549204997,-1.07239847508,-1.05918469905,0
-1.11124252316,-1.09844624418,-1.08549204997,-1.07239847508,0
-1.1238631727,-1.11124252316,-1.09844624418,-1.08549204997,0
-1.13629130637,-1.1238631727,-1.11124252316,-1.09844624418,0
-1.14851076337,-1.13629130637,-1.1238631727,-1.11124252316,0
-1.16050533651,-1.14851076337,-1.13629130637,-1.1238631727,0
-1.17225802119,-1.16050533651,-1.14851076337,-1.13629130637,0
-1.18375063307,-1.17225802119,-1.16050533651,-1.14851076337,0
-1.19496434037,-1.18375063307,-1.17225802119,-1.16050533651,0
-1.20587906327,-1.19496434037,-1.18375063307,-1.17225802119,0
-1.21647400075,-1.20587906327,-1.19496434037,-1.18375063307,0
-1.22672733381,-1.21647400075,-1.20587906327,-1.19496434037,0
-1.236616279,-1.22672733381,-1.21647400075,-1.20587906327,0
-1.24611739077,-1.236616279,-1.22672733381,-1.21647400075,0
-1.25520745101,-1.24611739077,-1.236616279,-1.22672733381,0
-1.26386373379,-1.25520745101,-1.24611739077,-1.236616279,0
-1.27206398833,-1.26386373379,-1.25520745101,-1.24611739077,0
-1.2797872173,-1.27206398833,-1.26386373379,-1.25520745101,0
-1.28701408201,-1.2797872173,-1.27206398833,-1.26386373379,0
-1.29372682347,-1.28701408201,-1.2797872173,-1.27206398833,0
-1.29990885893,-1.29372682347,-1.28701408201,-1.2797872173,0
-1.3055455897,-1.29990885893,-1.29372682347,-1.28701408201,0
-1.310624817,-1.3055455897,-1.29990885893,-1.29372682347,0
-1.31513762089,-1.310624817,-1.3055455897,-1.29990885893,0
-1.31907688196,-1.31513762089,-1.310624817,-1.3055455897,0
-1.32243596195,-1.31907688196,-1.31513762089,-1.310624817,0
-1.32520956678,-1.32243596195,-1.31907688196,-1.31513762089,0
-1.32739318453,-1.32520956678,-1.32243596195,-1.31907688196,0
-1.32898265364,-1.32739318453,-1.32520956678,-1.32243596195,0
-1.32997370171,-1.32898265364,-1.32739318453,-1.32520956678,0
-1.33036174012,-1.32997370171,-1.32898265364,-1.32739318453,1
-1.33014282217,-1.33036174012,-1.32997370171,-1.32898265364,1
-1.32931448042,-1.33014282217,-1.33036174012,-1.32997370171,1
-1.32787456931,-1.32931448042,-1.33014282217,-1.33036174012,1
-1.32582154202,-1.32787456931,-1.32931448042,-1.33014282217,1
-1.32315486242,-1.32582154202,-1.32787456931,-1.32931448042,1
-1.31987560038,-1.32315486242,-1.32582154202,-1.32787456931,1
-1.31598729745,-1.31987560038,-1.32315486242,-1.32582154202,1
-1.31149622881,-1.31598729745,-1.31987560038,-1.32315486242,1
-1.30641203207,-1.31149622881,-1.31598729745,-1.31987560038,1
-1.30074618214,-1.30641203207,-1.31149622881,-1.31598729745,1
-1.29451222356,-1.30074618214,-1.30641203207,-1.31149622881,1
-1.28772503197,-1.29451222356,-1.30074618214,-1.30641203207,1
-1.28040080903,-1.28772503197,-1.29451222356,-1.30074618214,1
-1.27255768053,-1.28040080903,-1.28772503197,-1.29451222356,1
-1.26421486429,-1.27255768053,-1.28040080903,-1.28772503197,1
-1.25539254239,-1.26421486429,-1.27255768053,-1.28040080903,1
-1.24611179031,-1.25539254239,-1.26421486429,-1.27255768053,1
-1.23639420072,-1.24611179031,-1.25539254239,-1.26421486429,1
-1.2262620951,-1.23639420072,-1.24611179031,-1.25539254239,1
-1.21573813036,-1.2262620951,-1.23639420072,-1.24611179031,1
-1.20484506309,-1.21573813036,-1.2262620951,-1.23639420072,1
-1.19360570518,-1.20484506309,-1.21573813036,-1.2262620951,1
-1.18204305139,-1.19360570518,-1.20484506309,-1.21573813036,1
-1.17017971407,-1.18204305139,-1.19360570518,-1.20484506309,1
-1.15803705629,-1.17017971407,-1.18204305139,-1.19360570518,1
-1.14563595937,-1.15803705629,-1.17017971407,-1.18204305139,1
-1.1329960522,-1.14563595937,-1.15803705629,-1.17017971407,1
-1.12013602427,-1.1329960522,-1.14563595937,-1.15803705629,1
-1.10707340438,-1.12013602427,-1.1329960522,-1.14563595937,1
-1.09382529744,-1.10707340438,-1.12013602427,-1.1329960522,1
-1.0804088908,-1.09382529744,-1.10707340438,-1.12013602427,1
-1.06684053277,-1.0804088908,-1.09382529744,-1.10707340438,1
-1.05313499584,-1.06684053277,-1.0804088908,-1.09382529744,1
-1.03930594835,-1.05313499584,-1.06684053277,-1.0804088908,1
-1.02536583336,-1.03930594835,-1.05313499584,-1.06684053277,1
-1.01132523158,-1.02536583336,-1.03930594835,-1.05313499584,1
-0.997193770628,-1.01132523158,-1.02536583336,-1.03930594835,1
-0.982980392699,-0.997193770628,-1.01132523158,-1.02536583336,1
-0.968693497425,-0.982980392699,-0.997193770628,-1.01132523158,1
-0.954341587577,-0.968693497425,-0.982980392699,-0.997193770628,1
-0.939933359989,-0.954341587577,-0.968693497425,-0.982980392699,1
-0.925477806636,-0.939933359989,-0.954341587577,-0.968693497425,1
-0.910985074333,-0.925477806636,-0.939933359989,-0.954341587577,1
-0.896467102648,-0.910985074333,-0.925477806636,-0.939933359989,1
-0.881937643981,-0.896467102648,-0.910985074333,-0.925477806636,1
-0.867411477357,-0.881937643981,-0.896467102648,-0.910985074333,1
-0.852904757165,-0.867411477357,-0.881937643981,-0.896467102648,1
-0.838433937271,-0.852904757165,-0.867411477357,-0.881937643981,1
-0.824015573887,-0.838433937271,-0.852904757165,-0.867411477357,1
-0.809665563146,-0.824015573887,-0.838433937271,-0.852904757165,1
-0.795399450355,-0.809665563146,-0.824015573887,-0.838433937271,1
-0.781232666277,-0.795399450355,-0.809665563146,-0.824015573887,1
-0.767181187733,-0.781232666277,-0.795399450355,-0.809665563146,1
-0.753261927005,-0.767181187733,-0.781232666277,-0.795399450355,1
-0.739492212466,-0.753261927005,-0.767181187733,-0.781232666277,1
-0.725889147466,-0.739492212466,-0.753261927005,-0.767181187733,1
-0.71246945097,-0.725889147466,-0.739492212466,-0.753261927005,1
-0.699249296921,-0.71246945097,-0.725889147466,-0.739492212466,1
-0.686244944161,-0.699249296921,-0.71246945097,-0.725889147466,1
-0.673472162361,-0.686244944161,-0.699249296921,-0.71246945097,1
-0.660945709399,-0.673472162361,-0.686244944161,-0.699249296921,1
-0.648679091872,-0.660945709399,-0.673472162361,-0.686244944161,1
-0.636684714874,-0.648679091872,-0.660945709399,-0.673472162361,1
-0.624974527172,-0.636684714874,-0.648679091872,-0.660945709399,1
-0.613560659445,-0.624974527172,-0.636684714874,-0.648679091872,1
-0.602455451868,-0.613560659445,-0.624974527172,-0.636684714874,1
-0.591671281399,-0.602455451868,-0.613560659445,-0.624974527172,1
-0.581220483285,-0.591671281399,-0.602455451868,-0.613560659445,1
-0.571116023423,-0.581220483285,-0.591671281399,-0.602455451868,1
-0.561370989848,-0.571116023423,-0.581220483285,-0.591671281399,1
-0.551997912514,-0.561370989848,-0.571116023423,-0.581220483285,1
-0.543008611524,-0.551997912514,-0.561370989848,-0.571116023423,1
-0.534414506077,-0.543008611524,-0.551997912514,-0.561370989848,1
-0.526225954626,-0.534414506077,-0.543008611524,-0.551997912514,1
-0.518452036277,-0.526225954626,-0.534414506077,-0.543008611524,1
-0.511100671913,-0.518452036277,-0.526225954626,-0.534414506077,1
-0.504178698672,-0.511100671913,-0.518452036277,-0.526225954626,1
-0.497692124664,-0.504178698672,-0.511100671913,-0.518452036277,1
-0.491646023017,-0.497692124664,-0.504178698672,-0.511100671913,1
-0.486044321156,-0.491646023017,-0.497692124664,-0.504178698672,1
-0.480889393515,-0.486044321156,-0.491646023017,-0.497692124664,1
-0.476182143387,-0.480889393515,-0.486044321156,-0.491646023017,1
-0.471922115145,-0.476182143387,-0.480889393515,-0.486044321156,1
-0.468107641627,-0.471922115145,-0.476182143387,-0.480889393515,1
-0.464735920475,-0.468107641627,-0.471922115145,-0.476182143387,1
-0.461803231901,-0.464735920475,-0.468107641627,-0.471922115145,1
-0.459304447984,-0.461803231901,-0.464735920475,-0.468107641627,1
-0.457232731746,-0.459304447984,-0.461803231901,-0.464735920475,1
-0.455579136296,-0.457232731746,-0.459304447984,-0.461803231901,1
-0.454332944366,-0.455579136296,-0.457232731746,-0.459304447984,1
-0.453482400621,-0.454332944366,-0.455579136296,-0.457232731746,1
-0.453014813023,-0.453482400621,-0.454332944366,-0.455579136296,1
-0.452916747732,-0.453014813023,-0.453482400621,-0.454332944366,0
-0.45317426452,-0.452916747732,-0.453014813023,-0.453482400621,0
-0.453773786766,-0.45317426452,-0.452916747732,-0.453014813023,0
-0.454701244716,-0.453773786766,-0.45317426452,-0.452916747732,0
-0.455941399603,-0.454701244716,-0.453773786766,-0.45317426452,0
-0.4574780876,-0.455941399603,-0.454701244716,-0.453773786766,0
-0.459294075044,-0.4574780876,-0.455941399603,-0.454701244716,0
-0.461370573313,-0.459294075044,-0.4574780876,-0.455941399603,0
-0.463688417622,-0.461370573313,-0.459294075044,-0.4574780876,0
-0.466228683619,-0.463688417622,-0.461370573313,-0.459294075044,0
-0.468971935465,-0.466228683619,-0.463688417622,-0.461370573313,0
-0.471897225919,-0.468971935465,-0.466228683619,-0.463688417622,0
-0.474982823686,-0.471897225919,-0.468971935465,-0.466228683619,0
-0.478205872124,-0.474982823686,-0.471897225919,-0.468971935465,0
-0.481543519602,-0.478205872124,-0.474982823686,-0.471897225919,0
-0.484972493813,-0.481543519602,-0.478205872124,-0.474982823686,0
-0.488470181898,-0.484972493813,-0.481543519602,-0.478205872124,0
-0.492014473598,-0.488470181898,-0.484972493813,-0.481543519602,0
-0.495584048163,-0.492014473598,-0.488470181898,-0.484972493813,0
-0.499157361857,-0.495584048163,-0.492014473598,-0.488470181898,0
-0.502713610391,-0.499157361857,-0.495584048163,-0.492014473598,0
-0.506232252236,-0.502713610391,-0.499157361857,-0.495584048163,0
-0.509692850803,-0.506232252236,-0.502713610391,-0.499157361857,0
-0.513075390157,-0.509692850803,-0.506232252236,-0.502713610391,0
-0.516360533238,-0.513075390157,-0.509692850803,-0.506232252236,0
-0.519529455715,-0.516360533238,-0.513075390157,-0.509692850803,0
-0.522563912391,-0.519529455715,-0.516360533238,-0.513075390157,0
-0.525446483186,-0.522563912391,-0.519529455715,-0.516360533238,0
-0.528161061614,-0.525446483186,-0.522563912391,-0.519529455715,0
-0.53069293395,-0.528161061614,-0.525446483186,-0.522563912391,0
-0.533029241206,-0.53069293395,-0.528161061614,-0.525446483186,0
-0.535159336264,-0.533029241206,-0.53069293395,-0.528161061614,0
-0.53707454371,-0.535159336264,-0.533029241206,-0.53069293395,0
-0.538768887089,-0.53707454371,-0.535159336264,-0.533029241206,0
-0.540239339732,-0.538768887089,-0.53707454371,-0.535159336264,0
-0.541485174228,-0.540239339732,-0.538768887089,-0.53707454371,0
-0.542507419879,-0.541485174228,-0.540239339732,-0.538768887089,0
-0.543308915857,-0.542507419879,-0.541485174228,-0.540239339732,0
-0.543893714165,-0.543308915857,-0.542507419879,-0.541485174228,0
-0.54426719418,-0.543893714165,-0.543308915857,-0.542507419879,0
-0.544436570028,-0.54426719418,-0.543893714165,-0.543308915857,1
-0.544410028119,-0.544436570028,-0.54426719418,-0.543893714165,1
-0.544196242917,-0.544410028119,-0.544436570028,-0.54426719418,1
-0.543803773504,-0.544196242917,-0.544410028119,-0.544436570028,1
-0.543240659578,-0.543803773504,-0.544196242917,-0.544410028119,1
-0.542514323069,-0.543240659578,-0.543803773504,-0.544196242917,1
-0.541630881917,-0.542514323069,-0.543240659578,-0.543803773504,1
-0.540595010795,-0.541630881917,-0.542514323069,-0.543240659578,1
-0.539410657821,-0.540595010795,-0.541630881917,-0.542514323069,1
-0.538080545481,-0.539410657821,-0.540595010795,-0.541630881917,1
-0.536606822052,-0.538080545481,-0.539410657821,-0.540595010795,1
-0.534990801428,-0.536606822052,-0.538080545481,-0.539410657821,1
-0.533232824789,-0.534990801428,-0.536606822052,-0.538080545481,1
-0.531332591796,-0.533232824789,-0.534990801428,-0.536606822052,1
-0.529289478391,-0.531332591796,-0.533232824789,-0.534990801428,1
-0.52710334827,-0.529289478391,-0.531332591796,-0.533232824789,1
-0.524775312343,-0.52710334827,-0.529289478391,-0.531332591796,1
-0.522307127463,-0.524775312343,-0.52710334827,-0.529289478391,1
-0.519701026058,-0.522307127463,-0.524775312343,-0.52710334827,1
-0.516959411619,-0.519701026058,-0.522307127463,-0.524775312343,1
-0.514083855027,-0.516959411619,-0.519701026058,-0.522307127463,1
-0.511075955982,-0.514083855027,-0.516959411619,-0.519701026058,1
-0.507937167195,-0.511075955982,-0.514083855027,-0.516959411619,1
-0.504669488849,-0.507937167195,-0.511075955982,-0.514083855027,1
-0.50127613027,-0.504669488849,-0.507937167195,-0.511075955982,1
-0.497761375777,-0.50127613027,-0.504669488849,-0.507937167195,1
-0.494131035831,-0.497761375777,-0.50127613027,-0.504669488849,1
-0.490392343768,-0.494131035831,-0.497761375777,-0.50127613027,1
-0.486553916203,-0.490392343768,-0.494131035831,-0.497761375777,1
-0.482624864337,-0.486553916203,-0.490392343768,-0.494131035831,1
-0.478614350316,-0.482624864337,-0.486553916203,-0.490392343768,1
-0.474532506115,-0.478614350316,-0.482624864337,-0.486553916203,1
-0.470389764255,-0.474532506115,-0.478614350316,-0.482624864337,1
-0.466197497771,-0.470389764255,-0.474532506115,-0.478614350316,1
-0.461966902838,-0.466197497771,-0.470389764255,-0.474532506115,1
-0.457708654445,-0.461966902838,-0.466197497771,-0.470389764255,1
-0.453432741045,-0.457708654445,-0.461966902838,-0.466197497771,1
-0.449148222145,-0.453432741045,-0.457708654445,-0.461966902838,1
-0.44486331925,-0.449148222145,-0.453432741045,-0.457708654445,1
-0.440584898403,-0.44486331925,-0.449148222145,-0.453432741045,1
-0.436318208663,-0.440584898403,-0.44486331925,-0.449148222145,1
-0.432067219357,-0.436318208663,-0.440584898403,-0.44486331925,1
-0.427834179746,-0.432067219357,-0.436318208663,-0.440584898403,1
-0.423619946402,-0.427834179746,-0.432067219357,-0.436318208663,1
-0.419423890312,-0.423619946402,-0.427834179746,-0.432067219357,1
-0.415243972859,-0.419423890312,-0.423619946402,-0.427834179746,1
-0.411076976195,-0.415243972859,-0.419423890312,-0.423619946402,1
-0.406918366472,-0.411076976195,-0.415243972859,-0.419423890312,1
-0.402761693375,-0.406918366472,-0.411076976195,-0.415243972859,1
-0.39859918722,-0.402761693375,-0.406918366472,-0.411076976195,1
-0.394421588206,-0.39859918722,-0.402761693375,-0.406918366472,1
-0.390218337892,-0.394421588206,-0.39859918722,-0.402761693375,1
-0.385977881867,-0.390218337892,-0.394421588206,-0.39859918722,1
-0.381688078856,-0.385977881867,-0.390218337892,-0.394421588206,1
-0.377335972662,-0.381688078856,-0.385977881867,-0.390218337892,1
-0.372908317848,-0.377335972662,-0.381688078856,-0.385977881867,1
-0.368392501877,-0.372908317848,-0.377335972662,-0.381688078856,1
-0.363776671031,-0.368392501877,-0.372908317848,-0.377335972662,1
-0.359050407536,-0.363776671031,-0.368392501877,-0.372908317848,1
-0.354205093562,-0.359050407536,-0.363776671031,-0.368392501877,1
-0.349234232606,-0.354205093562,-0.359050407536,-0.363776671031,1
-0.344133090893,-0.349234232606,-0.354205093562,-0.359050407536,1
-0.338898692265,-0.344133090893,-0.349234232606,-0.354205093562,1
-0.3335297175,-0.338898692265,-0.344133090893,-0.349234232606,1
-0.328026839276,-0.3335297175,-0.338898692265,-0.344133090893,1
-0.322393410707,-0.328026839276,-0.3335297175,-0.338898692265,1
-0.316634305346,-0.322393410707,-0.328026839276,-0.3335297175,1
-0.310756076545,-0.316634305346,-0.322393410707,-0.328026839276,1
-0.304767074337,-0.310756076545,-0.316634305346,-0.322393410707,1
-0.298677360402,-0.304767074337,-0.310756076545,-0.316634305346,1
-0.292497885031,-0.298677360402,-0.304767074337,-0.310756076545,1
-0.286240273339,-0.292497885031,-0.298677360402,-0.304767074337,1
-0.27991690675,-0.286240273339,-0.292497885031,-0.298677360402,1
-0.273541396247,-0.27991690675,-0.286240273339,-0.292497885031,1
-0.267129524559,-0.273541396247,-0.27991690675,-0.286240273339,1
-0.26069726228,-0.267129524559,-0.273541396247,-0.27991690675,1
-0.254260035014,-0.26069726228,-0.267129524559,-0.273541396247,1
-0.247832473603,-0.254260035014,-0.26069726228,-0.267129524559,1
-0.241428410677,-0.247832473603,-0.254260035014,-0.26069726228,1
-0.235061345551,-0.241428410677,-0.247832473603,-0.254260035014,1
-0.228745053829,-0.235061345551,-0.241428410677,-0.247832473603,1
-0.22249311981,-0.228745053829,-0.235061345551,-0.241428410677,1
-0.216318666496,-0.22249311981,-0.228745053829,-0.235061345551,1
-0.21023376156,-0.216318666496,-0.22249311981,-0.228745053829,1
-0.204249392549,-0.21023376156,-0.216318666496,-0.22249311981,1
-0.198376450689,-0.204249392549,-0.21023376156,-0.216318666496,1
-0.192625844674,-0.198376450689,-0.204249392549,-0.21023376156,1
-0.187008063064,-0.192625844674,-0.198376450689,-0.204249392549,1
-0.181533112414,-0.187008063064,-0.192625844674,-0.198376450689,1
-0.176210507502,-0.181533112414,-0.187008063064,-0.192625844674,1
-0.171049188015,-0.176210507502,-0.181533112414,-0.187008063064,1
-0.166057337478,-0.171049188015,-0.176210507502,-0.181533112414,1
-0.161242389272,-0.166057337478,-0.171049188015,-0.176210507502,1
-0.156610640192,-0.161242389272,-0.166057337478,-0.171049188015,1
-0.152167210324,-0.156610640192,-0.161242389272,-0.166057337478,1
-0.147916218835,-0.152167210324,-0.156610640192,-0.161242389272,1
-0.143860842403,-0.147916218835,-0.152167210324,-0.156610640192,1
-0.140004019274,-0.143860842403,-0.147916218835,-0.152167210324,1
-0.136348031434,-0.140004019274,-0.143860842403,-0.147916218835,1
-0.132894292921,-0.136348031434,-0.140004019274,-0.143860842403,1
-0.129643266954,-0.132894292921,-0.136348031434,-0.140004019274,1
-0.126595472909,-0.129643266954,-0.132894292921,-0.136348031434,1
-0.123752061924,-0.126595472909,-0.129643266954,-0.132894292921,1
-0.121114149849,-0.123752061924,-0.126595472909,-0.129643266954,1
-0.118682472168,-0.121114149849,-0.123752061924,-0.126595472909,1
-0.116457713419,-0.118682472168,-0.121114149849,-0.123752061924,1
-0.114440472839,-0.116457713419,-0.118682472168,-0.121114149849,1
-0.112631957608,-0.114440472839,-0.116457713419,-0.118682472168,1
-0.111033858374,-0.112631957608,-0.114440472839,-0.116457713419,1
-0.109647856143,-0.111033858374,-0.112631957608,-0.114440472839,1
-0.108475475245,-0.109647856143,-0.111033858374,-0.112631957608,1
-0.107517886381,-0.108475475245,-0.109647856143,-0.111033858374,1
-0.106776123318,-0.107517886381,-0.108475475245,-0.109647856143,1
-0.106250592874,-0.106776123318,-0.107517886381,-0.108475475245,1
-0.105941375225,-0.106250592874,-0.106776123318,-0.107517886381,1
-0.10584848873,-0.105941375225,-0.106250592874,-0.106776123318,0
-0.105971805392,-0.10584848873,-0.105941375225,-0.106250592874,0
-0.10631053486,-0.105971805392,-0.10584848873,-0.105941375225,0
-0.106863387662,-0.10631053486,-0.105971805392,-0.10584848873,0
-0.107628432551,-0.106863387662,-0.10631053486,-0.105971805392,0
-0.108603488226,-0.107628432551,-0.106863387662,-0.10631053486,0
-0.109786523083,-0.108603488226,-0.107628432551,-0.106863387662,0
-0.111175565592,-0.109786523083,-0.108603488226,-0.107628432551,0
-0.112768376445,-0.111175565592,-0.109786523083,-0.108603488226,0
-0.114562022531,-0.112768376445,-0.111175565592,-0.109786523083,0
-0.116553313757,-0.114562022531,-0.112768376445,-0.111175565592,0
-0.118738658822,-0.116553313757,-0.114562022531,-0.112768376445,0
-0.121114093312,-0.118738658822,-0.116553313757,-0.114562022531,0
-0.123675142112,-0.121114093312,-0.118738658822,-0.116553313757,0
-0.126416781758,-0.123675142112,-0.121114093312,-0.118738658822,0
-0.129333101953,-0.126416781758,-0.123675142112,-0.121114093312,0
-0.132417511379,-0.129333101953,-0.126416781758,-0.123675142112,0
-0.135662299894,-0.132417511379,-0.129333101953,-0.126416781758,0
-0.139058836865,-0.135662299894,-0.132417511379,-0.129333101953,0
-0.142597517165,-0.139058836865,-0.135662299894,-0.132417511379,0
-0.146267754275,-0.142597517165,-0.139058836865,-0.135662299894,0
-0.150058039905,-0.146267754275,-0.142597517165,-0.139058836865,0
-0.153956504838,-0.150058039905,-0.146267754275,-0.142597517165,0
-0.157950541977,-0.153956504838,-0.150058039905,-0.146267754275,0
-0.162026839046,-0.157950541977,-0.153956504838,-0.150058039905,0
-0.166171376749,-0.162026839046,-0.157950541977,-0.153956504838,0
-0.170370778454,-0.166171376749,-0.162026839046,-0.157950541977,0
-0.174612761132,-0.170370778454,-0.166171376749,-0.162026839046,0
-0.178886484453,-0.174612761132,-0.170370778454,-0.166171376749,0
-0.183182561526,-0.178886484453,-0.174612761132,-0.170370778454,0
-0.187493354296,-0.183182561526,-0.178886484453,-0.174612761132,0
-0.191812389879,-0.187493354296,-0.183182561526,-0.178886484453,0
-0.196134380414,-0.191812389879,-0.187493354296,-0.183182561526,0
-0.200455175253,-0.196134380414,-0.191812389879,-0.187493354296,0
-0.204771998047,-0.200455175253,-0.196134380414,-0.191812389879,0
-0.209083838368,-0.204771998047,-0.200455175253,-0.196134380414,0
-0.213391080362,-0.209083838368,-0.204771998047,-0.200455175253,0
-0.21769563367,-0.213391080362,-0.209083838368,-0.204771998047,0
-0.222000769804,-0.21769563367,-0.213391080362,-0.209083838368,0
-0.226311204837,-0.222000769804,-0.21769563367,-0.213391080362,0
-0.230632757111,-0.226311204837,-0.222000769804,-0.21769563367,0
-0.23497176346,-0.230632757111,-0.226311204837,-0.222000769804,0
-0.239334640212,-0.23497176346,-0.230632757111,-0.226311204837,0
-0.243727728979,-0.239334640212,-0.23497176346,-0.230632757111,0
-0.248157436845,-0.243727728979,-0.239334640212,-0.23497176346,0
-0.252629820965,-0.248157436845,-0.243727728979,-0.239334640212,0
-0.257150496432,-0.252629820965,-0.248157436845,-0.243727728979,0
-0.261724336167,-0.257150496432,-0.252629820965,-0.248157436845,0
-0.266355175264,-0.261724336167,-0.257150496432,-0.252629820965,0
-0.271045370043,-0.266355175264,-0.261724336167,-0.257150496432,0
-0.27579560779,-0.271045370043,-0.266355175264,-0.261724336167,0
-0.280605010612,-0.27579560779,-0.271045370043,-0.266355175264,0
-0.285471064978,-0.280605010612,-0.27579560779,-0.271045370043,0
-0.290389840556,-0.285471064978,-0.280605010612,-0.27579560779,0
-0.295356068568,-0.290389840556,-0.285471064978,-0.280605010612,0
-0.300364055176,-0.295356068568,-0.290389840556,-0.285471064978,0
-0.305407725265,-0.300364055176,-0.295356068568,-0.290389840556,0
-0.31048089769,-0.305407725265,-0.300364055176,-0.295356068568,0
-0.315577434702,-0.31048089769,-0.305407725265,-0.300364055176,0
-0.320691043434,-0.315577434702,-0.31048089769,-0.305407725265,0
-0.325815207608,-0.320691043434,-0.315577434702,-0.31048089769,0
-0.33094346197,-0.325815207608,-0.320691043434,-0.315577434702,0
-0.3360691789,-0.33094346197,-0.325815207608,-0.320691043434,0
-0.341185765477,-0.3360691789,-0.33094346197,-0.325815207608,0
-0.346287193762,-0.341185765477,-0.3360691789,-0.33094346197,0
-0.351367884059,-0.346287193762,-0.341185765477,-0.3360691789,0
-0.356423776253,-0.351367884059,-0.346287193762,-0.341185765477,0
-0.361451952571,-0.356423776253,-0.351367884059,-0.346287193762,0
-0.366450497153,-0.361451952571,-0.356423776253,-0.351367884059,0
-0.371418722862,-0.366450497153,-0.361451952571,-0.356423776253,0
-0.376356432487,-0.371418722862,-0.366450497153,-0.361451952571,0
-0.381263638946,-0.376356432487,-0.371418722862,-0.366450497153,0
-0.386140522361,-0.381263638946,-0.376356432487,-0.371418722862,0
-0.390986904447,-0.386140522361,-0.381263638946,-0.376356432487,0
-0.395802302637,-0.390986904447,-0.386140522361,-0.381263638946,0
-0.400585694687,-0.395802302637,-0.390986904447,-0.386140522361,0
-0.405335346311,-0.400585694687,-0.395802302637,-0.390986904447,0
-0.410048301009,-0.405335346311,-0.400585694687,-0.395802302637,0
-0.414720150252,-0.410048301009,-0.405335346311,-0.400585694687,0
-0.419344639763,-0.414720150252,-0.410048301009,-0.405335346311,0
-0.423913686584,-0.419344639763,-0.414720150252,-0.410048301009,0
-0.428418531371,-0.423913686584,-0.419344639763,-0.414720150252,0
-0.432849268512,-0.428418531371,-0.423913686584,-0.419344639763,0
-0.437194878979,-0.432849268512,-0.428418531371,-0.423913686584,0
-0.441443843242,-0.437194878979,-0.432849268512,-0.428418531371,0
-0.445584088428,-0.441443843242,-0.437194878979,-0.432849268512,0
-0.449603293572,-0.445584088428,-0.441443843242,-0.437194878979,0
-0.45348898323,-0.449603293572,-0.445584088428,-0.441443843242,0
-0.457228114967,-0.45348898323,-0.449603293572,-0.445584088428,0
-0.46080824217,-0.457228114967,-0.45348898323,-0.449603293572,0
-0.464217523837,-0.46080824217,-0.457228114967,-0.45348898323,0
-0.467444605194,-0.464217523837,-0.46080824217,-0.457228114967,0
-0.470478470663,-0.467444605194,-0.464217523837,-0.46080824217,0
-0.473308235449,-0.470478470663,-0.467444605194,-0.464217523837,0
-0.475923957583,-0.473308235449,-0.470478470663,-0.467444605194,0
-0.478316746466,-0.475923957583,-0.473308235449,-0.470478470663,0
-0.480478607475,-0.478316746466,-0.475923957583,-0.473308235449,0
-0.482402684273,-0.480478607475,-0.478316746466,-0.475923957583,0
-0.484083710557,-0.482402684273,-0.480478607475,-0.478316746466,0
-0.485518333254,-0.484083710557,-0.482402684273,-0.480478607475,0
-0.486704998135,-0.485518333254,-0.484083710557,-0.482402684273,0
-0.48764380836,-0.486704998135,-0.485518333254,-0.484083710557,0
-0.488336336643,-0.48764380836,-0.486704998135,-0.485518333254,0
-0.4887852027,-0.488336336643,-0.48764380836,-0.486704998135,0
-0.488993826444,-0.4887852027,-0.488336336643,-0.48764380836,1
-0.488966332774,-0.488993826444,-0.4887852027,-0.488336336643,1
-0.488707013924,-0.488966332774,-0.488993826444,-0.4887852027,1
-0.488219832272,-0.488707013924,-0.488966332774,-0.488993826444,1
-0.487509359197,-0.488219832272,-0.488707013924,-0.488966332774,1
-0.486580590505,-0.487509359197,-0.488219832272,-0.488707013924,1
-0.48543957487,-0.486580590505,-0.487509359197,-0.488219832272,1
-0.484093338902,-0.48543957487,-0.486580590505,-0.487509359197,1
-0.482549586892,-0.484093338902,-0.48543957487,-0.486580590505,1
-0.480816493879,-0.482549586892,-0.484093338902,-0.48543957487,1
-0.478902432648,-0.480816493879,-0.482549586892,-0.484093338902,1
-0.476815764958,-0.478902432648,-0.480816493879,-0.482549586892,1
-0.474565107428,-0.476815764958,-0.478902432648,-0.480816493879,1
-0.472159164128,-0.474565107428,-0.476815764958,-0.478902432648,1
-0.469606396249,-0.472159164128,-0.474565107428,-0.476815764958,1
-0.466915200027,-0.469606396249,-0.472159164128,-0.474565107428,1
-0.464094419017,-0.466915200027,-0.469606396249,-0.472159164128,1
-0.461153089593,-0.464094419017,-0.466915200027,-0.469606396249,1
-0.458099714196,-0.461153089593,-0.464094419017,-0.466915200027,1
-0.454941868721,-0.458099714196,-0.461153089593,-0.464094419017,1
-0.451686086031,-0.454941868721,-0.458099714196,-0.461153089593,1
-0.448337556769,-0.451686086031,-0.454941868721,-0.458099714196,1
-0.444899932339,-0.448337556769,-0.451686086031,-0.454941868721,1
-0.44137583849,-0.444899932339,-0.448337556769,-0.451686086031,1
-0.437766694184,-0.44137583849,-0.444899932339,-0.448337556769,1
-0.434073009222,-0.437766694184,-0.44137583849,-0.444899932339,1
-0.430294146491,-0.434073009222,-0.437766694184,-0.44137583849,1
-0.426428442215,-0.430294146491,-0.434073009222,-0.437766694184,1
-0.422473341357,-0.426428442215,-0.430294146491,-0.434073009222,1
-0.41842523911,-0.422473341357,-0.426428442215,-0.430294146491,1
-0.414279979839,-0.41842523911,-0.422473341357,-0.426428442215,1
-0.410032777253,-0.414279979839,-0.41842523911,-0.422473341357,1
-0.405678840369,-0.410032777253,-0.414279979839,-0.41842523911,1
-0.401213425606,-0.405678840369,-0.410032777253,-0.414279979839,1
-0.396632242224,-0.401213425606,-0.405678840369,-0.410032777253,1
-0.391931337073,-0.396632242224,-0.401213425606,-0.405678840369,1
-0.387106444205,-0.391931337073,-0.396632242224,-0.401213425606,1
-0.382153571666,-0.387106444205,-0.391931337073,-0.396632242224,1
-0.377068908343,-0.382153571666,-0.387106444205,-0.391931337073,1
-0.371848490329,-0.377068908343,-0.382153571666,-0.387106444205,1
-0.366488713421,-0.371848490329,-0.377068908343,-0.382153571666,1
-0.360986160913,-0.366488713421,-0.371848490329,-0.377068908343,1
-0.355338272746,-0.360986160913,-0.366488713421,-0.371848490329,1
-0.349543450741,-0.355338272746,-0.360986160913,-0.366488713421,1
-0.343601333985,-0.349543450741,-0.355338272746,-0.360986160913,1
-0.337512230235,-0.343601333985,-0.349543450741,-0.355338272746,1
-0.331277132793,-0.337512230235,-0.343601333985,-0.349543450741,1
-0.324897105899,-0.331277132793,-0.337512230235,-0.343601333985,1
-0.318373091377,-0.324897105899,-0.331277132793,-0.337512230235,1
-0.311705991676,-0.318373091377,-0.324897105899,-0.331277132793,1
-0.304897497695,-0.311705991676,-0.318373091377,-0.324897105899,1
-0.297949855314,-0.304897497695,-0.311705991676,-0.318373091377,1
-0.290865840658,-0.297949855314,-0.304897497695,-0.311705991676,1
-0.283648296986,-0.290865840658,-0.297949855314,-0.304897497695,1
-0.276299904432,-0.283648296986,-0.290865840658,-0.297949855314,1
-0.268823235694,-0.276299904432,-0.283648296986,-0.290865840658,1
-0.261220803079,-0.268823235694,-0.276299904432,-0.283648296986,1
-0.253495323845,-0.261220803079,-0.268823235694,-0.276299904432,1
-0.245649329751,-0.253495323845,-0.261220803079,-0.268823235694,1
-0.237685159058,-0.245649329751,-0.253495323845,-0.261220803079,1
-0.229604963948,-0.237685159058,-0.245649329751,-0.253495323845,1
-0.221410018629,-0.229604963948,-0.237685159058,-0.245649329751,1
-0.213100945872,-0.221410018629,-0.229604963948,-0.237685159058,1
-0.204677654685,-0.213100945872,-0.221410018629,-0.229604963948,1
-0.196139684519,-0.204677654685,-0.213100945872,-0.221410018629,1
-0.187486217142,-0.196139684519,-0.204677654685,-0.213100945872,1
-0.178716668892,-0.187486217142,-0.196139684519,-0.204677654685,1
-0.169830834724,-0.178716668892,-0.187486217142,-0.196139684519,1
-0.160829168348,-0.169830834724,-0.178716668892,-0.187486217142,1
-0.151712459639,-0.160829168348,-0.169830834724,-0.178716668892,1
-0.142482628464,-0.151712459639,-0.160829168348,-0.169830834724,1
-0.133142007876,-0.142482628464,-0.151712459639,-0.160829168348,1
-0.123693231823,-0.133142007876,-0.142482628464,-0.151712459639,1
-0.114139645261,-0.123693231823,-0.133142007876,-0.142482628464,1
-0.104484966583,-0.114139645261,-0.123693231823,-0.133142007876,1
-0.0947331585115,-0.104484966583,-0.114139645261,-0.123693231823,1
-0.0848884977645,-0.0947331585115,-0.104484966583,-0.114139645261,1
-0.0749555730337,-0.0848884977645,-0.0947331585115,-0.104484966583,1
-0.064939723134,-0.0749555730337,-0.0848884977645,-0.0947331585115,1
-0.0548470267216,-0.064939723134,-0.0749555730337,-0.0848884977645,1
-0.0446841719228,-0.0548470267216,-0.064939723134,-0.0749555730337,1
-0.0344582589476,-0.0446841719228,-0.0548470267216,-0.064939723134,1
-0.0241770185525,-0.0344582589476,-0.0446841719228,-0.0548470267216,1
-0.0138486688025,-0.0241770185525,-0.0344582589476,-0.0446841719228,1
-0.0034813859278,-0.0138486688025,-0.0241770185525,-0.0344582589476,1
0.00691673671145,-0.0034813859278,-0.0138486688025,-0.0241770185525,1
0.0173377197013,0.00691673671145,-0.0034813859278,-0.0138486688025,1
0.0277735787083,0.0173377197013,0.00691673671145,-0.0034813859278,1
0.0382163599704,0.0277735787083,0.0173377197013,0.00691673671145,1
0.0486585909812,0.0382163599704,0.0277735787083,0.0173377197013,1
0.0590940256996,0.0486585909812,0.0382163599704,0.0277735787083,1
0.0695174915388,0.0590940256996,0.0486585909812,0.0382163599704,1
0.07992462051,0.0695174915388,0.0590940256996,0.0486585909812,1
0.0903119426428,0.07992462051,0.0695174915388,0.0590940256996,1
0.100676607689,0.0903119426428,0.07992462051,0.0695174915388,1
0.111015793081,0.100676607689,0.0903119426428,0.07992462051,1
0.121326445281,0.111015793081,0.100676607689,0.0903119426428,1
0.131605108245,0.121326445281,0.111015793081,0.100676607689,1
0.141848524783,0.131605108245,0.121326445281,0.111015793081,1
0.152053335102,0.141848524783,0.131605108245,0.121326445281,1
0.162216355126,0.152053335102,0.141848524783,0.131605108245,1
0.172335072426,0.162216355126,0.152053335102,0.141848524783,1
0.182407611267,0.172335072426,0.162216355126,0.152053335102,1
0.192432596576,0.182407611267,0.172335072426,0.162216355126,1
0.202408743013,0.192432596576,0.182407611267,0.172335072426,1
0.21233482591,0.202408743013,0.192432596576,0.182407611267,1
0.22221006789,0.21233482591,0.202408743013,0.192432596576,1
0.232033632487,0.22221006789,0.21233482591,0.202408743013,1
0.241804620383,0.232033632487,0.22221006789,0.21233482591,1
0.251521191965,0.241804620383,0.232033632487,0.22221006789,1
0.261180844467,0.251521191965,0.241804620383,0.232033632487,1
0.270780660544,0.261180844467,0.251521191965,0.241804620383,1
0.280317537978,0.270780660544,0.261180844467,0.251521191965,1
0.289787705128,0.280317537978,0.270780660544,0.261180844467,1
0.299186386564,0.289787705128,0.280317537978,0.270780660544,1
0.30850794248,0.299186386564,0.289787705128,0.280317537978,1
0.317745921733,0.30850794248,0.299186386564,0.289787705128,1
0.326892922308,0.317745921733,0.30850794248,0.299186386564,1
0.335940664911,0.326892922308,0.317745921733,0.30850794248,1
0.344880226628,0.335940664911,0.326892922308,0.317745921733,1
0.353702101502,0.344880226628,0.335940664911,0.326892922308,1
0.36239618467,0.353702101502,0.344880226628,0.335940664911,1
0.370952428673,0.36239618467,0.353702101502,0.344880226628,1
0.379360617009,0.370952428673,0.36239618467,0.353702101502,1
0.387610394689,0.379360617009,0.370952428673,0.36239618467,1
0.39569148346,0.387610394689,0.379360617009,0.370952428673,1
0.403593618144,0.39569148346,0.387610394689,0.379360617009,1
0.411306460137,0.403593618144,0.39569148346,0.387610394689,1
0.418820144913,0.411306460137,0.403593618144,0.39569148346,1
0.42612540602,0.418820144913,0.411306460137,0.403593618144,1
0.433213241836,0.42612540602,0.418820144913,0.411306460137,1
0.440074999255,0.433213241836,0.42612540602,0.418820144913,1
0.446702912979,0.440074999255,0.433213241836,0.42612540602,1
0.45309034715,0.446702912979,0.440074999255,0.433213241836,1
0.459231855283,0.45309034715,0.446702912979,0.440074999255,1
0.465123372436,0.459231855283,0.45309034715,0.446702912979,1
0.470762167824,0.465123372436,0.459231855283,0.45309034715,1
0.476146524092,0.470762167824,0.465123372436,0.459231855283,1
0.481275809715,0.476146524092,0.470762167824,0.465123372436,1
0.486150427784,0.481275809715,0.476146524092,0.470762167824,1
0.490771496343,0.486150427784,0.481275809715,0.476146524092,1
0.495140868724,0.490771496343,0.486150427784,0.481275809715,1
0.499261571149,0.495140868724,0.490771496343,0.486150427784,1
0.50313831954,0.499261571149,0.495140868724,0.490771496343,1
0.50677743943,0.50313831954,0.499261571149,0.495140868724,1
0.510187140291,0.50677743943,0.50313831954,0.499261571149,1
0.513377207359,0.510187140291,0.50677743943,0.50313831954,1
0.516358463434,0.513377207359,0.510187140291,0.50677743943,1
0.51914285534,0.516358463434,0.513377207359,0.510187140291,1
0.521743947637,0.51914285534,0.516358463434,0.513377207359,1
0.524176732117,0.521743947637,0.51914285534,0.516358463434,1
0.526456979945,0.524176732117,0.521743947637,0.51914285534,1
0.528600855869,0.526456979945,0.524176732117,0.521743947637,1
0.530624127962,0.528600855869,0.526456979945,0.524176732117,1
0.532541842011,0.530624127962,0.528600855869,0.526456979945,1
0.534367364219,0.532541842011,0.530624127962,0.528600855869,1
0.536112409875,0.534367364219,0.532541842011,0.530624127962,1
0.537786980968,0.536112409875,0.534367364219,0.532541842011,1
0.539400033643,0.537786980968,0.536112409875,0.534367364219,1
0.540959822633,0.539400033643,0.537786980968,0.536112409875,1
0.542474053002,0.540959822633,0.539400033643,0.537786980968,1
0.543949868114,0.542474053002,0.540959822633,0.539400033643,1
0.545393944191,0.543949868114,0.542474053002,0.540959822633,1
0.546812372677,0.545393944191,0.543949868114,0.542474053002,1
0.548211175484,0.546812372677,0.545393944191,0.543949868114,1
0.549596670714,0.548211175484,0.546812372677,0.545393944191,1
0.550975635718,0.549596670714,0.548211175484,0.546812372677,1
0.552354861783,0.550975635718,0.549596670714,0.548211175484,1
0.553740481893,0.552354861783,0.550975635718,0.549596670714,1
0.555137646195,0.553740481893,0.552354861783,0.550975635718,1
0.556550636865,0.555137646195,0.553740481893,0.552354861783,1
0.557983494774,0.556550636865,0.555137646195,0.553740481893,1
0.559440023074,0.557983494774,0.556550636865,0.555137646195,1
0.560923075917,0.559440023074,0.557983494774,0.556550636865,1
0.562434049807,0.560923075917,0.559440023074,0.557983494774,1
0.563973799361,0.562434049807,0.560923075917,0.559440023074,1
0.565542297264,0.563973799361,0.562434049807,0.560923075917,1
0.567138308494,0.565542297264,0.563973799361,0.562434049807,1
0.568759498946,0.567138308494,0.565542297264,0.563973799361,1
0.570402534193,0.568759498946,0.567138308494,0.565542297264,1
0.572063622326,0.570402534193,0.568759498946,0.567138308494,1
0.57373836606,0.572063622326,0.570402534193,0.568759498946,1
0.575422397027,0.57373836606,0.572063622326,0.570402534193,1
0.577112217612,0.575422397027,0.57373836606,0.572063622326,1
0.578804767824,0.577112217612,0.575422397027,0.57373836606,1
